,Author,Publication Year,Title,DOI
84,"Huegli, David; Chavaillaz, Alain; Sauer, Juergen; Schwaninger, Adrian",2025,Effects of false alarms and miscues of decision support systems on human-machine system performance: a study with airport security screeners,10.1080/00140139.2025.2453546
413,"Fleury, Emmanuelle; Pignol, Jean Philippe; Kiliç, Emine; van Rij, Caroline; Naus, Nicole; Yavuzyigitoglu, Serdar; den Toom, Wilhelm; Zolnay, Andras; Spruijt, Kees; van Vulpen, Marco; Trnková, Petra; Hoogeman, Mischa",2025,Stereotactic radiation therapy or protons for uveal melanoma patients? An artificial intelligence (AI)-based clinical treatment decision-making tool predicting doses to radiation therapy constraints,10.1016/j.ijrobp.2025.06.3867
341,"Khan, Ehsan; Lambrakis, Kristina; Briffa, Tom; Cullen, Louise A.; Karnon, Jonathon; Papendick, Cynthia; Quinn, Stephen; Tideman, Phil; van den Hengel, Anton; Verjans, Johan; Chew, Derek P.",2025,Re-engineering the clinical approach to suspected cardiac chest pain assessment in the emergency department by expediting research evidence to practice using artificial intelligence. (RAPIDx AI)-a cluster randomized study design,10.1016/j.ahj.2025.02.016
53,"Gutierrez-Zaballa, Jon; Basterretxea, Koldo; Echanobe, Javier",2024,Evaluating single event upsets in deep neural networks for semantic segmentation: An embedded system perspective,10.1016/j.sysarc.2024.103242
544,"Silvey, Scott; Patel, Nilang; Liu, Jinze; Tafader, Asiya; Nadeem, Mahum; Dhaliwal, Galvin; O'Leary, Jacqueline G.; Patton, Heather; Morgan, Timothy R.; Rogal, Shari; Bajaj, Jasmohan S.",2024,A machine learning algorithm avoids unnecessary paracentesis for exclusion of SBP in cirrhosis in resource-limited settings,10.1016/j.cgh.2024.06.015
347,"Moosavi, Amirhossein; Huang, Steven; Vahabi, Maryam; Motamedivafa, Bahar; Tian, Nelly; Mahmood, Rafid; Liu, Peter; Sun, Christopher L. F.",2024,Prospective human validation of artificial intelligence interventions in cardiology: a scoping review,10.1016/j.jacadv.2024.101202
63,"Cankaya, Burak; Topuz, Kazim; Delen, Dursun; Glassman, Aaron",2023,Evidence-based managerial decision-making with machine learning: The case of Bayesian inference in aviation incidents,10.1016/j.omega.2023.102906
553,"Bellelli, Valeria; Siccardi, Guido; Conte, Livia; Celani, Luigi; Congeduti, Elena; Borrazzo, Cristian; Santinelli, Letizia; Innocenti, Giuseppe Pietro; Pinacchio, Claudia; Ceccarelli, Giancarlo; Venditti, Mario; D’ettorre, Gabriella",2020,Preliminary attempt to predict risk of invasive pulmonary aspergillosis in patients with influenza: Decision trees may help?,10.3390/antibiotics9100644
628,"Jeong, Ji Yun; Jeon, Jae Han; Bae, Kwi Hyun; Choi, Yeon Kyung; Park, Keun Gyu; Kim, Jung Guk; Won, Kyu Chang; Cha, Bong Soo; Ahn, Chul Woo; Kim, Dong Won; Lee, Chang Hee; Lee, In Kyu",2018,Smart care based on telemonitoring and telemedicine for type 2 diabetes care: Multi-center randomized controlled trial,10.1089/tmj.2017.0203
562,"Acheampong, Emmanuel; Adua, Eric; Obirikorang, Christian; Anto, Enoch Odame; Peprah-Yamoah, Emmanuel; Obirikorang, Yaa; Asamoah, Evans Adu; Opoku-Yamoah, Victor; Nyantakyi, Michael; Taylor, John; Buckman, Tonnies Abeku; Yakubu, Maryam; Afrifa-Yamoah, Ebenezer",2024,Predictive modelling of metabolic syndrome in Ghanaian diabetic patients: an ensemble machine learning approach,10.1007/s40200-024-01491-7
466,"Herke, Habil Csongor; Szabó, Barbara",2024,Self-driving vehicles and their impact on the european convention on human rights,10.53955/jhcls.v4i3.376
505,"Renard, Jade; Faucher, Mathieu R.; Combes, Anaïs; Concordet, Didier; Reynolds, Brice S.",2021,Machine-learning algorithm as a prognostic tool in non-obstructive acute-on-chronic kidney disease in the cat,10.1177/1098612X211001273
145,"Kim, Woojin; Kim, Junghwa; Jang, Jeong Ah; Kim, Suk-Hee",2023,Do perceptions of hydrogen energy effect on vehicle preference? A learning-based model approach,10.1007/s12205-022-0227-x
455,"Abu, N. S.; Bukhari, W. M.; Adli, M. H.; Maghfiroh, Hari; Ma’arif, Alfian",2024,"Advancements, challenges and safety implications of AI in autonomous vehicles: a comparative analysis of urban vs. highway environments",10.18196/jrc.v5i3.21114
232,"Nam, Su Han; Kwon, Jae Hyun; Kim, Young Do",2023,Comparison of optimal machine learning algorithms for early detection of unknown hazardous chemicals in rivers using sensor monitoring data,10.3390/toxics11040314
132,"Loken, Erik Andreas; Lokkevik, Jens; Sui, Dan",2020,Data-driven approaches tests on a laboratory drilling system,10.1007/s13202-020-00870-z
509,"Javaid, Sabah; Gorji, Hamed Taheri; Soulami, Khaoula Belhaj; Kaabouch, Naima",2023,Identification and ranking biomaterials for bone scaffolds using machine learning and PROMETHEE,10.1007/s42600-022-00257-5
133,"Suryana, Lucas Elbert; Nordhoff, Sina; Calvert, Simeon; Zgonnikov, Arkady; van Arem, Bart",2025,Meaningful human control of partially automated driving systems: Insights from interviews with Tesla users,10.1016/j.trf.2025.04.026
108,"Mehta, Aryan Alpesh; Padaria, Ali Asgar; Bavisi, Dwij Jayesh; Ukani, Vijay; Thakkar, Priyank; Geddam, Rebekah; Kotecha, Ketan; Abraham, Ajith",2024,Securing the future: a comprehensive review of security challenges and solutions in advanced driver assistance systems,10.1109/ACCESS.2023.3347200
165,"Ahmad, Usman",2022,A node pairing approach to secure the Internet of Things using machine learning,10.1016/j.jocs.2022.101718
167,"Yalcin, Mustafa; Sari, Fatih; Yildiz, Ahmet",2023,Exploration of potential geothermal fields using MAXENT and AHP: A case study of the Buyuk Menderes Graben,10.1016/j.geothermics.2023.102792
77,"de Silva, Brian M.; Callaham, Jared; Jonker, Jonathan; Goebel, Nicholas; Klemisch, Jennifer; McDonald, Darren; Hicks, Nathan; Kutz, J. Nathan; Brunton, Steven L.; Aravkin, Aleksandr Y.",2021,Hybrid learning approach to sensor fault detection with flight test data,10.2514/1.J059943
106,"Ji, Yuxiong; Xu, Zhongke; Zhao, Cong; Chen, Kun; Du, Yuchuan",2025,Accelerated testing and evaluation for black-box autonomous driving systems via adaptive markov chain monte carlo,10.1109/TITS.2024.3525059
391,"Gui, Chengzhi; Cao, Chen; Zhang, Xin; Zhang, Jiaxin; Ni, Guangjian; Ming, Dong",2023,Radiomics and artificial neural networks modelling for identification of high-risk carotid plaques,10.3389/fcvm.2023.1173769
382,"Chen, Ai; Zhong, Hua; Peng, Jie; Luo, Tao; Jun, Su",2025,Machine learning-based modeling for predicting hypopituitarism after cranial trauma,10.1016/j.wneu.2025.124018
423,"Najla, Mehyar; Mach, Pavel; Becvar, Zdenek",2020,Deep learning for selection between RF and VLC bands in device-to-device communication,10.1109/LWC.2020.3003786
228,"Letkovsky, Stanislav; Jencova, Sylvia; Vasanicova, Petra",2024,Is artificial intelligence really more accurate in predicting bankruptcy?,10.3390/ijfs12010008
608,"Nedadur, Rashmi; Bhatt, Nitish; Chung, Jennifer; Chu, Michael W.A.; Ouzounian, Maral; Wang, Bo",2025,Machine learning and decision making in aortic arch repair,10.1016/j.jtcvs.2023.11.032
568,"Kherabi, Yousra; Messika, Jonathan; Peiffer-Smadja, Nathan",2022,"Machine learning, antimicrobial stewardship, and solid organ transplantation: Is this the future?",10.1111/tid.13957
500,"Guo, Zhenya; Liu, Jiaping; Liang, Guozhi; Liang, Haifeng; Zhong, Mingbei; Tomlinson, Stephen; He, Songqing; Ouyang, Guoqing; Yuan, Guandou",2024,Identification and validation of cuproptosis-related genes in acetaminophen-induced liver injury using bioinformatics analysis and machine learning,10.3389/fimmu.2024.1371446
216,"Nagappan, G.; Maheswari, K. G.; Siva, C.",2024,Enhancing intelligent transport systems: A cutting-edge framework for context-aware service management with hybrid deep learning,10.1016/j.simpat.2024.102979
379,"Leidinger, Andreas; Zuckerman, Scott L.; Feng, Yueqi; He, Yitian; Chen, Xinrui; Cheserem, Beverly; Gerber, Linda M.; Lessing, Noah L.; Shabani, Hamisi K.; Härtl, Roger; Mangat, Halinder S.",2023,Predictors of spinal trauma care and outcomes in a resource-constrained environment: a decision tree analysis of spinal trauma surgery and outcomes in Tanzania,10.3171/2022.11.SPINE22763
151,"Minagawa, Hideaki; Tezuka, Tomoya; Tsuchida, Hidetsugu",2024,Effective combinations of features in predicting the range of incident ions using machine learning,10.1016/j.nimb.2024.165383
46,"Chinchilla, Monica; Santos-Martin, David; Carpintero-Renteria, Miguel; Lemon, Scott",2021,Worldwide annual optimum tilt angle model for solar collectors and photovoltaic systems in the absence of site meteorological data,10.1016/j.apenergy.2020.116056
479,"Manonmani, Gangadharan; Ponmozhi, Krishnasamy; Balasubramanian, Krishnasamy",2025,The A3C-CCTSO-R2N2 algorithmic framework for precise edge-cloud parameter estimation,10.11591/eei.v14i5.8982
325,"Woo, Myung; Alhanti, Brooke; Lusk, Sam; Dunston, Felicia; Blackwelder, Stephen; Lytle, Kay S.; Goldstein, Benjamin A.; Bedoya, Armando",2020,Evaluation of ML-based clinical decision support tool to replace an existing tool in an academic health system: Lessons learned,10.3390/jpm10030104
324,"Hegde, Shwetha; Nanayakkara, Shanika; Cox, Stephen; Vasa, Rajesh; Gao, Jinlong",2024,Australian dentists' knowledge of the consequences of interpretive errors in dental radiographs and potential mitigation measures,10.1002/cre2.70027
624,"Rodríguez, Andrés; Mendoza, Deibie; Ascuntar, Johana; Jaimes, Fabián",2021,Supervised classification techniques for prediction of mortality in adult patients with sepsis,10.1016/j.ajem.2020.09.013
359,"Cappelli, M.; Ambi, F.; Botta, E.; Cruz, J.; Diaz, J.; Chen, Z.; Dwojewski, D.; Giacchini, M.; Gutierrez, V.; Lorenzo, R.; Montis, M.; Sousa, J.; Ibarra, A.",2025,"Advancements in central control for IFMIF-DONES: Integrating CODAC, MPS, and SCS into a unified control framework",10.1016/j.fusengdes.2025.115345
516,"Tariq, Zeeshan; Abu-Al-Saud, Moataz O.; Mahmoud, Mohamed; Zhu, Chen; Sun, Shuyu; Yan, Bicheng",2025,Fast tracking of safe CO2 trapping indices using machine learning for smarter reservoir management,10.1016/j.petlm.2025.01.002
142,"Mulero-Palencia, Sofia; Alvarez-Diaz, Sonia; Andres-Chicote, Manuel",2021,Machine learning for the improvement of deep renovation building projects using as-built BIM models,10.3390/su13126576
169,"Han, Hua; Gao, Jiaqing; Gu, Bo; Ren, Zhengxiong",2025,Comprehensive study on building chiller fault feature and diagnosis using hybrid CNN,10.1080/23744731.2024.2402200
25,"Nasir, K. M. Zaheen; Chakma, Tanaya",2025,Constitutive modeling of anisotropic plasticity with ML algorithms in metals,10.1080/00295450.2024.2410620
4,"Qi, Ben; Xiao, Xingyu; Liang, Jingang; Po, Li-chi Cliff; Zhang, Liguo; Tong, Jiejuan",2022,An open time-series simulated dataset covering various accidents for nuclear power plants,10.1038/s41597-022-01879-1
327,"McCradden, Melissa D.; Joshi, Shalmali; Anderson, James A.; Mazwi, Mjaye; Goldenberg, Anna; Shaul, Randi Zlotnik",2020,Patient safety and quality improvement: Ethical principles for a regulatory approach to bias in healthcare machine learning,10.1093/jamia/ocaa085
445,"Ding, Shukai; Qu, Jian",2022,A study on safety driving of intelligent vehicles based on attention mechanisms,10.37936/ecti-cit.2022164.248674
524,"Bücker, Michael; Hoti, Kreshnik; Rose, Olaf",2024,Artificial intelligence to assist decision-making on pharmacotherapy: A feasibility study,10.1016/j.rcsop.2024.100491
221,"Rahbari, Dadmehr; Ahmed, Foisal; Jenihhin, Maksim; Alam, Muhammad Mahtab; Le Moullec, Yannick",2024,Reliability-critical computation offloading in UAV swarms,10.1109/JSYST.2024.3432449
537,"Komorowski, Matthieu; Celi, Leo A.; Badawi, Omar; Gordon, Anthony C.; Faisal, A. Aldo",2018,The Artificial Intelligence Clinician learns optimal treatment strategies for sepsis in intensive care,10.1038/s41591-018-0213-5
598,"Park, Jeong Ho; Kim, Yushin; Lee, Kwang Jae; Yoon, Yong Soon; Kang, Si Hyun; Kim, Heesang; Park, Hyung Soon",2019,Artificial neural network learns clinical assessment of spasticity in modified ashworth scale,10.1016/j.apmr.2019.03.016
518,"Pasta, Gilda; Frassanito, Luciano; Calabria, Mariangela; Vassalli, Francesco; Belli, Andrea; Torricella, Giulia; Cuomo, Arturo; Bifulco, Francesca",2025,Personalized predictive hemodynamic management for major oncologic surgery: effect of progressive implementation of monitoring of digital medical devices with artificial intelligence-based algorithms,10.23736/S0375-9393.25.18937-2
307,"Wilson, F. Perry; Yamamoto, Yu; Martin, Melissa; Coronel-Moreno, Claudia; Li, Fan; Cheng, Chao; Aklilu, Abinet; Ghazi, Lama; Greenberg, Jason H.; Latham, Stephen; Melchinger, Hannah; Mansour, Sherry G.; Moledina, Dennis G.; Parikh, Chirag R.; Partridge, Caitlin; Testani, Jeffrey M.; Ugwuowo, Ugochukwu",2023,A randomized clinical trial assessing the effect of automated medication-targeted alerts on acute kidney injury outcomes,10.1038/s41467-023-38532-3
233,"Lalithadevi, B.; Krishnaveni, S.",2025,ExAIRFC-GSDC: An advanced machine learning-based interpretable framework for accurate gas leakage detection and classification,10.1007/s44196-025-00742-6
227,"Ananias, Estevao; Gaspar, Pedro D.; Soares, Vasco N. G. J.; Caldeira, Joao M. L. P.",2021,Artificial intelligence decision support system based on artificial neural networks to predict the commercialization time by the evolution of peach quality,10.3390/electronics10192394
487,"Baruah, Arindam; Borkar, Hemant",2023,Optimised machine learning classification model to detect void formations in friction stir welding,10.1016/j.matpr.2023.03.386
561,"Tran, Zachary; Zhang, Wenhao; Verma, Arjun; Cook, Alan; Kim, Dennis; Burruss, Sigrid; Ramezani, Ramin; Benharash, Peyman",2022,"The derivation of an International Classification of Diseases, Tenth Revision -based trauma-related mortality model using machine learning",10.1097/TA.0000000000003416
392,"Bulstra, Anne Eva J.; Buijze, Geert A.; Cohen, Abigail; Colaris, Joost W.; Court-Brown, Charles M.; Doornberg, Job N.; Duckworth, Andrew D.; Goslings, Carel (J C.).; Gray, Alasdair; Hendrickx, Laurent A.M.; Jaarsma, Ruurd L.; Mallee, Wouter H.; Mulders, Marjolein A.M.; McQueen, Margaret M.; Moran, Matthew; Obdeijn, Miryam C.; Kerkhoffs, Gino M.M.J.; Ring, David; Schep, Niels W.L.; Walenkamp, Monique M.J.",2022,A machine learning algorithm to estimate the probability of a true scaphoid fracture after wrist trauma,10.1016/j.jhsa.2022.02.023
437,"Liu, Qinming; Chen, Huan; Chen, Jianing; Wang, Yujie",2025,Cross model fusion-based fault diagnosis for equipment considering multi-source signal fusion with small samples based on deep transfer learning,10.1016/j.measurement.2025.118203
23,"Li, Xinpeng; Song, Jiayue; Yang, Li; Li, Huanting; Fang, Sheng",2024,"Source term inversion coupling kernel principal component analysis, whale optimization algorithm, and backpropagation neural networks (KPCA-WOA-BPNN) for complex dispersion scenarios",10.1016/j.pnucene.2024.105171
582,"Iivanainen, Sanna; Ravichandra, Ravi; Jekunen, Antti; Arokoski, Reetta; Mentu, Santeri; Lang, Laura; Ekström, Jussi; Virtanen, Henri; Kataja, Vesa; Koivunen, Jussi P.",2023,ePRO symptom follow-up of colorectal cancer patients receiving oxaliplatin-based adjuvant chemotherapy is feasible and enhances the quality of patient care: a prospective multicenter study,10.1007/s00432-023-04622-4
